DRS_ID,MIP_ERA,ACTIVITY_ID,INSTITUTION_IDAscending,SOURCE_ID,EXPERIMENT_ID,DOI,Data Reference,License,License Uri
CMIP6.CMIP.BCC.BCC-CSM2-MR.historical,CMIP6,CMIP,BCC,BCC-CSM2-MR,historical,https://doi.org/10.22033/ESGF/CMIP6.2948,"Wu, Tongwen; Chu, Min; Dong, Min; Fang, Yongjie; Jie, Weihua; Li, Jianglong; Li, Weiping; Liu, Qianxia; Shi, Xueli; Xin, Xiaoge; Yan, Jinghui; Zhang, Fang; Zhang, Jie; Zhang, Li; Zhang, Yanwu (2018). BCC BCC-CSM2MR model output prepared for CMIP6 CMIP historical. Earth System Grid Federation. doi:https://doi.org/10.22033/ESGF/CMIP6.2948 .",CC BY-SA 4.0,http://creativecommons.org/licenses/by-sa/4.0/
CMIP6.ScenarioMIP.BCC.BCC-CSM2-MR.ssp126,CMIP6,ScenarioMIP,BCC,BCC-CSM2-MR,ssp126,https://doi.org/10.22033/ESGF/CMIP6.3028,"Xin, Xiaoge; Wu, Tongwen; Shi, Xueli; Zhang, Fang; Li, Jianglong; Chu, Min; Liu, Qianxia; Yan, Jinghui; Ma, Qiang; Wei, Min (2019). BCC BCC-CSM2MR model output prepared for CMIP6 ScenarioMIP ssp126. Earth System Grid Federation. doi:https://doi.org/10.22033/ESGF/CMIP6.3028 .",CC BY-SA 4.0,http://creativecommons.org/licenses/by-sa/4.0/
CMIP6.ScenarioMIP.BCC.BCC-CSM2-MR.ssp585,CMIP6,ScenarioMIP,BCC,BCC-CSM2-MR,ssp585,https://doi.org/10.22033/ESGF/CMIP6.3050,"Xin, Xiaoge; Wu, Tongwen; Shi, Xueli; Zhang, Fang; Li, Jianglong; Chu, Min; Liu, Qianxia; Yan, Jinghui; Ma, Qiang; Wei, Min (2019). BCC BCC-CSM2MR model output prepared for CMIP6 ScenarioMIP ssp585. Earth System Grid Federation. doi:https://doi.org/10.22033/ESGF/CMIP6.3050 .",CC BY-SA 4.0,http://creativecommons.org/licenses/by-sa/4.0/
CMIP6.CMIP.CCCma.CanESM5.historical,CMIP6,CMIP,CCCma,CanESM5,historical,https://doi.org/10.22033/ESGF/CMIP6.3610,"Swart, Neil Cameron; Cole, Jason N.S.; Kharin, Viatcheslav V.; Lazare, Mike; Scinocca, John F.; Gillett, Nathan P.; Anstey, James; Arora, Vivek; Christian, James R.; Jiao, Yanjun; Lee, Warren G.; Majaess, Fouad; Saenko, Oleg A.; Seiler, Christian; Seinen, Clint; Shao, Andrew; Solheim, Larry; von Salzen, Knut; Yang, Duo; Winter, Barbara; Sigmond, Michael (2019). CCCma CanESM5 model output prepared for CMIP6 CMIP historical. Earth System Grid Federation. doi:https://doi.org/10.22033/ESGF/CMIP6.3610 .",CC BY-SA 4.0,http://creativecommons.org/licenses/by-sa/4.0/
CMIP6.ScenarioMIP.CCCma.CanESM5.ssp126,CMIP6,ScenarioMIP,CCCma,CanESM5,ssp126,https://doi.org/10.22033/ESGF/CMIP6.3683,"Swart, Neil Cameron; Cole, Jason N.S.; Kharin, Viatcheslav V.; Lazare, Mike; Scinocca, John F.; Gillett, Nathan P.; Anstey, James; Arora, Vivek; Christian, James R.; Jiao, Yanjun; Lee, Warren G.; Majaess, Fouad; Saenko, Oleg A.; Seiler, Christian; Seinen, Clint; Shao, Andrew; Solheim, Larry; von Salzen, Knut; Yang, Duo; Winter, Barbara; Sigmond, Michael (2019). CCCma CanESM5 model output prepared for CMIP6 ScenarioMIP ssp126. Earth System Grid Federation. doi:https://doi.org/10.22033/ESGF/CMIP6.3683 .",CC BY-SA 4.0,http://creativecommons.org/licenses/by-sa/4.0/
CMIP6.ScenarioMIP.CCCma.CanESM5.ssp585,CMIP6,ScenarioMIP,CCCma,CanESM5,ssp585,https://doi.org/10.22033/ESGF/CMIP6.3696,"Swart, Neil Cameron; Cole, Jason N.S.; Kharin, Viatcheslav V.; Lazare, Mike; Scinocca, John F.; Gillett, Nathan P.; Anstey, James; Arora, Vivek; Christian, James R.; Jiao, Yanjun; Lee, Warren G.; Majaess, Fouad; Saenko, Oleg A.; Seiler, Christian; Seinen, Clint; Shao, Andrew; Solheim, Larry; von Salzen, Knut; Yang, Duo; Winter, Barbara; Sigmond, Michael (2019). CCCma CanESM5 model output prepared for CMIP6 ScenarioMIP ssp585. Earth System Grid Federation. doi:https://doi.org/10.22033/ESGF/CMIP6.3696 .",CC BY-SA 4.0,http://creativecommons.org/licenses/by-sa/4.0/
CMIP6.CMIP.CMCC.CMCC-CM2-SR5.historical,CMIP6,CMIP,CMCC,CMCC-CM2-SR5,historical,https://doi.org/10.22033/ESGF/CMIP6.3825,"Lovato, Tomas; Peano, Daniele (2020). CMCC CMCC-CM2-SR5 model output prepared for CMIP6 CMIP historical. Earth System Grid Federation. doi:https://doi.org/10.22033/ESGF/CMIP6.3825 .",CC BY-SA 4.0,http://creativecommons.org/licenses/by-sa/4.0/
CMIP6.ScenarioMIP.CMCC.CMCC-CM2-SR5.ssp126,CMIP6,ScenarioMIP,CMCC,CMCC-CM2-SR5,ssp126,https://doi.org/10.22033/ESGF/CMIP6.3887,"Lovato, Tomas; Peano, Daniele (2020). CMCC CMCC-CM2-SR5 model output prepared for CMIP6 ScenarioMIP ssp126. Earth System Grid Federation. doi:https://doi.org/10.22033/ESGF/CMIP6.3887 .",CC BY-SA 4.0,http://creativecommons.org/licenses/by-sa/4.0/
CMIP6.ScenarioMIP.CMCC.CMCC-CM2-SR5.ssp585,CMIP6,ScenarioMIP,CMCC,CMCC-CM2-SR5,ssp585,https://doi.org/10.22033/ESGF/CMIP6.3896,"Lovato, Tomas; Peano, Daniele (2020). CMCC CMCC-CM2-SR5 model output prepared for CMIP6 ScenarioMIP ssp585. Earth System Grid Federation. doi:https://doi.org/10.22033/ESGF/CMIP6.3896 .",CC BY-SA 4.0,http://creativecommons.org/licenses/by-sa/4.0/
CMIP6.CMIP.CMCC.CMCC-ESM2.historical,CMIP6,CMIP,CMCC,CMCC-ESM2,historical,https://doi.org/10.22033/ESGF/CMIP6.13195,"Lovato, Tomas; Peano, Daniele; Butenschön, Momme (2021). CMCC CMCC-ESM2 model output prepared for CMIP6 CMIP historical. Earth System Grid Federation. doi:https://doi.org/10.22033/ESGF/CMIP6.13195 .",CC BY-SA 4.0,http://creativecommons.org/licenses/by-sa/4.0/
CMIP6.ScenarioMIP.CMCC.CMCC-ESM2.ssp126,CMIP6,ScenarioMIP,CMCC,CMCC-ESM2,ssp126,https://doi.org/10.22033/ESGF/CMIP6.13250,"Lovato, Tomas; Peano, Daniele; Butenschön, Momme (2021). CMCC CMCC-ESM2 model output prepared for CMIP6 ScenarioMIP ssp126. Earth System Grid Federation. doi:https://doi.org/10.22033/ESGF/CMIP6.13250 .",CC BY-SA 4.0,http://creativecommons.org/licenses/by-sa/4.0/
CMIP6.ScenarioMIP.CMCC.CMCC-ESM2.ssp585,CMIP6,ScenarioMIP,CMCC,CMCC-ESM2,ssp585,https://doi.org/10.22033/ESGF/CMIP6.13259,"Lovato, Tomas; Peano, Daniele; Butenschön, Momme (2021). CMCC CMCC-ESM2 model output prepared for CMIP6 ScenarioMIP ssp585. Earth System Grid Federation. doi:https://doi.org/10.22033/ESGF/CMIP6.13259 .",CC BY-SA 4.0,http://creativecommons.org/licenses/by-sa/4.0/
CMIP6.CMIP.CNRM-CERFACS.CNRM-CM6-1-HR.historical,CMIP6,CMIP,CNRM-CERFACS,CNRM-CM6-1-HR,historical,https://doi.org/10.22033/ESGF/CMIP6.4067,"Voldoire, Aurore (2019). CNRM-CERFACS CNRM-CM6-1-HR model output prepared for CMIP6 CMIP historical. Earth System Grid Federation. doi:https://doi.org/10.22033/ESGF/CMIP6.4067 .",CC BY-NC-SA 4.0,http://creativecommons.org/licenses/by-nc-sa/4.0/
CMIP6.ScenarioMIP.CNRM-CERFACS.CNRM-CM6-1-HR.ssp126,CMIP6,ScenarioMIP,CNRM-CERFACS,CNRM-CM6-1-HR,ssp126,https://doi.org/10.22033/ESGF/CMIP6.4185,"Voldoire, Aurore (2020). CNRM-CERFACS CNRM-CM6-1-HR model output prepared for CMIP6 ScenarioMIP ssp126. Earth System Grid Federation. doi:https://doi.org/10.22033/ESGF/CMIP6.4185 .",CC BY-NC-SA 4.0,http://creativecommons.org/licenses/by-nc-sa/4.0/
CMIP6.ScenarioMIP.CNRM-CERFACS.CNRM-CM6-1-HR.ssp585,CMIP6,ScenarioMIP,CNRM-CERFACS,CNRM-CM6-1-HR,ssp585,https://doi.org/10.22033/ESGF/CMIP6.4225,"Voldoire, Aurore (2019). CNRM-CERFACS CNRM-CM6-1-HR model output prepared for CMIP6 ScenarioMIP ssp585. Earth System Grid Federation. doi:https://doi.org/10.22033/ESGF/CMIP6.4225 .",CC BY-NC-SA 4.0,http://creativecommons.org/licenses/by-nc-sa/4.0/
CMIP6.CMIP.CNRM-CERFACS.CNRM-CM6-1.historical,CMIP6,CMIP,CNRM-CERFACS,CNRM-CM6-1,historical,https://doi.org/10.22033/ESGF/CMIP6.4066,"Voldoire, Aurore (2018). CMIP6 simulations of the CNRM-CERFACS based on CNRM-CM6-1 model for CMIP experiment historical. Earth System Grid Federation. doi:https://doi.org/10.22033/ESGF/CMIP6.4066 .",CC BY-NC-SA 4.0,http://creativecommons.org/licenses/by-nc-sa/4.0/
CMIP6.ScenarioMIP.CNRM-CERFACS.CNRM-CM6-1.ssp126,CMIP6,ScenarioMIP,CNRM-CERFACS,CNRM-CM6-1,ssp126,https://doi.org/10.22033/ESGF/CMIP6.4184,"Voldoire, Aurore (2019). CNRM-CERFACS CNRM-CM6-1 model output prepared for CMIP6 ScenarioMIP ssp126. Earth System Grid Federation. doi:https://doi.org/10.22033/ESGF/CMIP6.4184 .",CC BY-NC-SA 4.0,http://creativecommons.org/licenses/by-nc-sa/4.0/
CMIP6.ScenarioMIP.CNRM-CERFACS.CNRM-CM6-1.ssp585,CMIP6,ScenarioMIP,CNRM-CERFACS,CNRM-CM6-1,ssp585,https://doi.org/10.22033/ESGF/CMIP6.4224,"Voldoire, Aurore (2019). CNRM-CERFACS CNRM-CM6-1 model output prepared for CMIP6 ScenarioMIP ssp585. Earth System Grid Federation. doi:https://doi.org/10.22033/ESGF/CMIP6.4224 .",CC BY-NC-SA 4.0,http://creativecommons.org/licenses/by-nc-sa/4.0/
CMIP6.CMIP.CNRM-CERFACS.CNRM-ESM2-1.historical,CMIP6,CMIP,CNRM-CERFACS,CNRM-ESM2-1,historical,https://doi.org/10.22033/ESGF/CMIP6.4068,"Seferian, Roland (2018). CNRM-CERFACS CNRM-ESM2-1 model output prepared for CMIP6 CMIP historical. Earth System Grid Federation. doi:https://doi.org/10.22033/ESGF/CMIP6.4068 .",CC BY-NC-SA 4.0,http://creativecommons.org/licenses/by-nc-sa/4.0/
CMIP6.ScenarioMIP.CNRM-CERFACS.CNRM-ESM2-1.ssp126,CMIP6,ScenarioMIP,CNRM-CERFACS,CNRM-ESM2-1,ssp126,https://doi.org/10.22033/ESGF/CMIP6.4186,"Voldoire, Aurore (2019). CNRM-CERFACS CNRM-ESM2-1 model output prepared for CMIP6 ScenarioMIP ssp126. Earth System Grid Federation. doi:https://doi.org/10.22033/ESGF/CMIP6.4186 .",CC BY-NC-SA 4.0,http://creativecommons.org/licenses/by-nc-sa/4.0/
CMIP6.ScenarioMIP.CNRM-CERFACS.CNRM-ESM2-1.ssp585,CMIP6,ScenarioMIP,CNRM-CERFACS,CNRM-ESM2-1,ssp585,https://doi.org/10.22033/ESGF/CMIP6.4226,"Voldoire, Aurore (2019). CNRM-CERFACS CNRM-ESM2-1 model output prepared for CMIP6 ScenarioMIP ssp585. Earth System Grid Federation. doi:https://doi.org/10.22033/ESGF/CMIP6.4226 .",CC BY-NC-SA 4.0,http://creativecommons.org/licenses/by-nc-sa/4.0/
CMIP6.CMIP.CSIRO.ACCESS-ESM1-5.historical,CMIP6,CMIP,CSIRO,ACCESS-ESM1-5,historical,https://doi.org/10.22033/ESGF/CMIP6.4272,"Ziehn, Tilo; Chamberlain, Matthew; Lenton, Andrew; Law, Rachel; Bodman, Roger; Dix, Martin; Wang, Yingping; Dobrohotoff, Peter; Srbinovsky, Jhan; Stevens, Lauren; Vohralik, Peter; Mackallah, Chloe; Sullivan, Arnold; O'Farrell, Siobhan; Druken, Kelsey (2019). CSIRO ACCESS-ESM1.5 model output prepared for CMIP6 CMIP historical. Earth System Grid Federation. doi:https://doi.org/10.22033/ESGF/CMIP6.4272 .",CC BY-SA 4.0,http://creativecommons.org/licenses/by-sa/4.0/
CMIP6.ScenarioMIP.CSIRO.ACCESS-ESM1-5.ssp126,CMIP6,ScenarioMIP,CSIRO,ACCESS-ESM1-5,ssp126,https://doi.org/10.22033/ESGF/CMIP6.4320,"Ziehn, Tilo; Chamberlain, Matthew; Lenton, Andrew; Law, Rachel; Bodman, Roger; Dix, Martin; Wang, Yingping; Dobrohotoff, Peter; Srbinovsky, Jhan; Stevens, Lauren; Vohralik, Peter; Mackallah, Chloe; Sullivan, Arnold; O'Farrell, Siobhan; Druken, Kelsey (2019). CSIRO ACCESS-ESM1.5 model output prepared for CMIP6 ScenarioMIP ssp126. Earth System Grid Federation. doi:https://doi.org/10.22033/ESGF/CMIP6.4320 .",CC BY-SA 4.0,http://creativecommons.org/licenses/by-sa/4.0/
CMIP6.ScenarioMIP.CSIRO.ACCESS-ESM1-5.ssp585,CMIP6,ScenarioMIP,CSIRO,ACCESS-ESM1-5,ssp585,https://doi.org/10.22033/ESGF/CMIP6.4333,"Ziehn, Tilo; Chamberlain, Matthew; Lenton, Andrew; Law, Rachel; Bodman, Roger; Dix, Martin; Wang, Yingping; Dobrohotoff, Peter; Srbinovsky, Jhan; Stevens, Lauren; Vohralik, Peter; Mackallah, Chloe; Sullivan, Arnold; O'Farrell, Siobhan; Druken, Kelsey (2019). CSIRO ACCESS-ESM1.5 model output prepared for CMIP6 ScenarioMIP ssp585. Earth System Grid Federation. doi:https://doi.org/10.22033/ESGF/CMIP6.4333 .",CC BY-SA 4.0,http://creativecommons.org/licenses/by-sa/4.0/
CMIP6.CMIP.CSIRO-ARCCSS.ACCESS-CM2.historical,CMIP6,CMIP,CSIRO-ARCCSS,ACCESS-CM2,historical,https://doi.org/10.22033/ESGF/CMIP6.4271,"Dix, Martin; Bi, Doahua; Dobrohotoff, Peter; Fiedler, Russell; Harman, Ian; Law, Rachel; Mackallah, Chloe; Marsland, Simon; O'Farrell, Siobhan; Rashid, Harun; Srbinovsky, Jhan; Sullivan, Arnold; Trenham, Claire; Vohralik, Peter; Watterson, Ian; Williams, Gareth; Woodhouse, Matthew; Bodman, Roger; Dias, Fabio Boeira; Domingues, Catia; Hannah, Nicholas; Heerdegen, Aidan; Savita, Abhishek; Wales, Scott; Allen, Chris; Druken, Kelsey; Evans, Ben; Richards, Clare; Ridzwan, Syazwan Mohamed; Roberts, Dale; Smillie, Jon; Snow, Kate; Ward, Marshall; Yang, Rui (2019). CSIRO-ARCCSS ACCESS-CM2 model output prepared for CMIP6 CMIP historical. Earth System Grid Federation. doi:https://doi.org/10.22033/ESGF/CMIP6.4271 .",CC BY-SA 4.0,http://creativecommons.org/licenses/by-sa/4.0/
CMIP6.ScenarioMIP.CSIRO-ARCCSS.ACCESS-CM2.ssp126,CMIP6,ScenarioMIP,CSIRO-ARCCSS,ACCESS-CM2,ssp126,https://doi.org/10.22033/ESGF/CMIP6.4319,"Dix, Martin; Bi, Doahua; Dobrohotoff, Peter; Fiedler, Russell; Harman, Ian; Law, Rachel; Mackallah, Chloe; Marsland, Simon; O'Farrell, Siobhan; Rashid, Harun; Srbinovsky, Jhan; Sullivan, Arnold; Trenham, Claire; Vohralik, Peter; Watterson, Ian; Williams, Gareth; Woodhouse, Matthew; Bodman, Roger; Dias, Fabio Boeira; Domingues, Catia; Hannah, Nicholas; Heerdegen, Aidan; Savita, Abhishek; Wales, Scott; Allen, Chris; Druken, Kelsey; Evans, Ben; Richards, Clare; Ridzwan, Syazwan Mohamed; Roberts, Dale; Smillie, Jon; Snow, Kate; Ward, Marshall; Yang, Rui (2019). CSIRO-ARCCSS ACCESS-CM2 model output prepared for CMIP6 ScenarioMIP ssp126. Earth System Grid Federation. doi:https://doi.org/10.22033/ESGF/CMIP6.4319 .",CC BY-SA 4.0,http://creativecommons.org/licenses/by-sa/4.0/
CMIP6.ScenarioMIP.CSIRO-ARCCSS.ACCESS-CM2.ssp585,CMIP6,ScenarioMIP,CSIRO-ARCCSS,ACCESS-CM2,ssp585,https://doi.org/10.22033/ESGF/CMIP6.4332,"Dix, Martin; Bi, Doahua; Dobrohotoff, Peter; Fiedler, Russell; Harman, Ian; Law, Rachel; Mackallah, Chloe; Marsland, Simon; O'Farrell, Siobhan; Rashid, Harun; Srbinovsky, Jhan; Sullivan, Arnold; Trenham, Claire; Vohralik, Peter; Watterson, Ian; Williams, Gareth; Woodhouse, Matthew; Bodman, Roger; Dias, Fabio Boeira; Domingues, Catia; Hannah, Nicholas; Heerdegen, Aidan; Savita, Abhishek; Wales, Scott; Allen, Chris; Druken, Kelsey; Evans, Ben; Richards, Clare; Ridzwan, Syazwan Mohamed; Roberts, Dale; Smillie, Jon; Snow, Kate; Ward, Marshall; Yang, Rui (2019). CSIRO-ARCCSS ACCESS-CM2 model output prepared for CMIP6 ScenarioMIP ssp585. Earth System Grid Federation. doi:https://doi.org/10.22033/ESGF/CMIP6.4332 .",CC BY-SA 4.0,http://creativecommons.org/licenses/by-sa/4.0/
CMIP6.CMIP.EC-Earth-Consortium.EC-Earth3-Veg-LR.historical,CMIP6,CMIP,EC-Earth-Consortium,EC-Earth3-Veg-LR,historical,https://doi.org/10.22033/ESGF/CMIP6.4707,EC-Earth Consortium (EC-Earth) (2020). EC-Earth-Consortium EC-Earth3-Veg-LR model output prepared for CMIP6 CMIP historical. Earth System Grid Federation. doi:https://doi.org/10.22033/ESGF/CMIP6.4707 .,CC BY-SA 4.0,http://creativecommons.org/licenses/by-sa/4.0/
CMIP6.ScenarioMIP.EC-Earth-Consortium.EC-Earth3-Veg-LR.ssp126,CMIP6,ScenarioMIP,EC-Earth-Consortium,EC-Earth3-Veg-LR,ssp126,https://doi.org/10.22033/ESGF/CMIP6.4877,EC-Earth Consortium (EC-Earth) (2020). EC-Earth-Consortium EC-Earth3-Veg-LR model output prepared for CMIP6 ScenarioMIP ssp126. Earth System Grid Federation. doi:https://doi.org/10.22033/ESGF/CMIP6.4877 .,CC BY-SA 4.0,http://creativecommons.org/licenses/by-sa/4.0/
CMIP6.ScenarioMIP.EC-Earth-Consortium.EC-Earth3-Veg-LR.ssp585,CMIP6,ScenarioMIP,EC-Earth-Consortium,EC-Earth3-Veg-LR,ssp585,https://doi.org/10.22033/ESGF/CMIP6.4915,EC-Earth Consortium (EC-Earth) (2020). EC-Earth-Consortium EC-Earth3-Veg-LR model output prepared for CMIP6 ScenarioMIP ssp585. Earth System Grid Federation. doi:https://doi.org/10.22033/ESGF/CMIP6.4915 .,CC BY-SA 4.0,http://creativecommons.org/licenses/by-sa/4.0/
CMIP6.CMIP.EC-Earth-Consortium.EC-Earth3-Veg.historical,CMIP6,CMIP,EC-Earth-Consortium,EC-Earth3-Veg,historical,https://doi.org/10.22033/ESGF/CMIP6.4706,EC-Earth Consortium (EC-Earth) (2019). EC-Earth-Consortium EC-Earth3-Veg model output prepared for CMIP6 CMIP historical. Earth System Grid Federation. doi:https://doi.org/10.22033/ESGF/CMIP6.4706 .,CC BY-SA 4.0,http://creativecommons.org/licenses/by-sa/4.0/
CMIP6.ScenarioMIP.EC-Earth-Consortium.EC-Earth3-Veg.ssp126,CMIP6,ScenarioMIP,EC-Earth-Consortium,EC-Earth3-Veg,ssp126,https://doi.org/10.22033/ESGF/CMIP6.4876,EC-Earth Consortium (EC-Earth) (2019). EC-Earth-Consortium EC-Earth3-Veg model output prepared for CMIP6 ScenarioMIP ssp126. Earth System Grid Federation. doi:https://doi.org/10.22033/ESGF/CMIP6.4876 .,CC BY-SA 4.0,http://creativecommons.org/licenses/by-sa/4.0/
CMIP6.ScenarioMIP.EC-Earth-Consortium.EC-Earth3-Veg.ssp585,CMIP6,ScenarioMIP,EC-Earth-Consortium,EC-Earth3-Veg,ssp585,https://doi.org/10.22033/ESGF/CMIP6.4914,EC-Earth Consortium (EC-Earth) (2019). EC-Earth-Consortium EC-Earth3-Veg model output prepared for CMIP6 ScenarioMIP ssp585. Earth System Grid Federation. doi:https://doi.org/10.22033/ESGF/CMIP6.4914 .,CC BY-SA 4.0,http://creativecommons.org/licenses/by-sa/4.0/
CMIP6.CMIP.EC-Earth-Consortium.EC-Earth3.historical,CMIP6,CMIP,EC-Earth-Consortium,EC-Earth3,historical,https://doi.org/10.22033/ESGF/CMIP6.4700,EC-Earth Consortium (EC-Earth) (2019). EC-Earth-Consortium EC-Earth3 model output prepared for CMIP6 CMIP historical. Earth System Grid Federation. doi:https://doi.org/10.22033/ESGF/CMIP6.4700 .,CC BY-SA 4.0,http://creativecommons.org/licenses/by-sa/4.0/
CMIP6.ScenarioMIP.EC-Earth-Consortium.EC-Earth3.ssp126,CMIP6,ScenarioMIP,EC-Earth-Consortium,EC-Earth3,ssp126,https://doi.org/10.22033/ESGF/CMIP6.4874,EC-Earth Consortium (EC-Earth) (2019). EC-Earth-Consortium EC-Earth3 model output prepared for CMIP6 ScenarioMIP ssp126. Earth System Grid Federation. doi:https://doi.org/10.22033/ESGF/CMIP6.4874 .,CC BY-SA 4.0,http://creativecommons.org/licenses/by-sa/4.0/
CMIP6.ScenarioMIP.EC-Earth-Consortium.EC-Earth3.ssp585,CMIP6,ScenarioMIP,EC-Earth-Consortium,EC-Earth3,ssp585,https://doi.org/10.22033/ESGF/CMIP6.4912,EC-Earth Consortium (EC-Earth) (2019). EC-Earth-Consortium EC-Earth3 model output prepared for CMIP6 ScenarioMIP ssp585. Earth System Grid Federation. doi:https://doi.org/10.22033/ESGF/CMIP6.4912 .,CC BY-SA 4.0,http://creativecommons.org/licenses/by-sa/4.0/
CMIP6.CMIP.IPSL.IPSL-CM6A-LR.historical,CMIP6,CMIP,IPSL,IPSL-CM6A-LR,historical,https://doi.org/10.22033/ESGF/CMIP6.5195,"Boucher, Olivier; Denvil, Sébastien; Levavasseur, Guillaume; Cozic, Anne; Caubel, Arnaud; Foujols, Marie-Alice; Meurdesoif, Yann; Cadule, Patricia; Devilliers, Marion; Ghattas, Josefine; Lebas, Nicolas; Lurton, Thibaut; Mellul, Lidia; Musat, Ionela; Mignot, Juliette; Cheruy, Frédérique (2018). IPSL IPSL-CM6A-LR model output prepared for CMIP6 CMIP historical. Earth System Grid Federation. doi:https://doi.org/10.22033/ESGF/CMIP6.5195 .",CC BY-NC-SA 4.0,http://creativecommons.org/licenses/by-nc-sa/4.0/
CMIP6.ScenarioMIP.IPSL.IPSL-CM6A-LR.ssp126,CMIP6,ScenarioMIP,IPSL,IPSL-CM6A-LR,ssp126,https://doi.org/10.22033/ESGF/CMIP6.5262,"Boucher, Olivier; Denvil, Sébastien; Levavasseur, Guillaume; Cozic, Anne; Caubel, Arnaud; Foujols, Marie-Alice; Meurdesoif, Yann; Cadule, Patricia; Devilliers, Marion; Dupont, Eliott; Lurton, Thibaut (2019). IPSL IPSL-CM6A-LR model output prepared for CMIP6 ScenarioMIP ssp126. Earth System Grid Federation. doi:https://doi.org/10.22033/ESGF/CMIP6.5262 .",CC BY-NC-SA 4.0,http://creativecommons.org/licenses/by-nc-sa/4.0/
CMIP6.ScenarioMIP.IPSL.IPSL-CM6A-LR.ssp585,CMIP6,ScenarioMIP,IPSL,IPSL-CM6A-LR,ssp585,https://doi.org/10.22033/ESGF/CMIP6.5271,"Boucher, Olivier; Denvil, Sébastien; Levavasseur, Guillaume; Cozic, Anne; Caubel, Arnaud; Foujols, Marie-Alice; Meurdesoif, Yann; Cadule, Patricia; Devilliers, Marion; Dupont, Eliott; Lurton, Thibaut (2019). IPSL IPSL-CM6A-LR model output prepared for CMIP6 ScenarioMIP ssp585. Earth System Grid Federation. doi:https://doi.org/10.22033/ESGF/CMIP6.5271 .",CC BY-NC-SA 4.0,http://creativecommons.org/licenses/by-nc-sa/4.0/
CMIP6.CMIP.MIROC.MIROC6.historical,CMIP6,CMIP,MIROC,MIROC6,historical,https://doi.org/10.22033/ESGF/CMIP6.5603,"Tatebe, Hiroaki; Watanabe, Masahiro (2018). MIROC MIROC6 model output prepared for CMIP6 CMIP historical. Earth System Grid Federation. doi:https://doi.org/10.22033/ESGF/CMIP6.5603 .",CC BY-SA 4.0,http://creativecommons.org/licenses/by-sa/4.0/
CMIP6.ScenarioMIP.MIROC.MIROC6.ssp126,CMIP6,ScenarioMIP,MIROC,MIROC6,ssp126,https://doi.org/10.22033/ESGF/CMIP6.5743,"Shiogama, Hideo; Abe, Manabu; Tatebe, Hiroaki (2019). MIROC MIROC6 model output prepared for CMIP6 ScenarioMIP ssp126. Earth System Grid Federation. doi:https://doi.org/10.22033/ESGF/CMIP6.5743 .",CC BY-SA 4.0,http://creativecommons.org/licenses/by-sa/4.0/
CMIP6.ScenarioMIP.MIROC.MIROC6.ssp585,CMIP6,ScenarioMIP,MIROC,MIROC6,ssp585,https://doi.org/10.22033/ESGF/CMIP6.5771,"Shiogama, Hideo; Abe, Manabu; Tatebe, Hiroaki (2019). MIROC MIROC6 model output prepared for CMIP6 ScenarioMIP ssp585. Earth System Grid Federation. doi:https://doi.org/10.22033/ESGF/CMIP6.5771 .",CC BY-SA 4.0,http://creativecommons.org/licenses/by-sa/4.0/
CMIP6.CMIP.MOHC.HadGEM3-GC31-LL.historical,CMIP6,CMIP,MOHC,HadGEM3-GC31-LL,historical,https://doi.org/10.22033/ESGF/CMIP6.6109,"Ridley, Jeff; Menary, Matthew; Kuhlbrodt, Till; Andrews, Martin; Andrews, Tim (2019). MOHC HadGEM3-GC31-LL model output prepared for CMIP6 CMIP historical. Earth System Grid Federation. doi:https://doi.org/10.22033/ESGF/CMIP6.6109 .",CC BY-SA 4.0,http://creativecommons.org/licenses/by-sa/4.0/
CMIP6.ScenarioMIP.MOHC.HadGEM3-GC31-LL.ssp126,CMIP6,ScenarioMIP,MOHC,HadGEM3-GC31-LL,ssp126,https://doi.org/10.22033/ESGF/CMIP6.10849,"Good, Peter (2020). MOHC HadGEM3-GC31-LL model output prepared for CMIP6 ScenarioMIP ssp126. Earth System Grid Federation. doi:https://doi.org/10.22033/ESGF/CMIP6.10849 .",CC BY-SA 4.0,http://creativecommons.org/licenses/by-sa/4.0/
CMIP6.ScenarioMIP.MOHC.HadGEM3-GC31-LL.ssp585,CMIP6,ScenarioMIP,MOHC,HadGEM3-GC31-LL,ssp585,https://doi.org/10.22033/ESGF/CMIP6.10901,"Good, Peter (2020). MOHC HadGEM3-GC31-LL model output prepared for CMIP6 ScenarioMIP ssp585. Earth System Grid Federation. doi:https://doi.org/10.22033/ESGF/CMIP6.10901 .",CC BY-SA 4.0,http://creativecommons.org/licenses/by-sa/4.0/
CMIP6.CMIP.MOHC.HadGEM3-GC31-MM.historical,CMIP6,CMIP,MOHC,HadGEM3-GC31-MM,historical,https://doi.org/10.22033/ESGF/CMIP6.6112,"Ridley, Jeff; Menary, Matthew; Kuhlbrodt, Till; Andrews, Martin; Andrews, Tim (2019). MOHC HadGEM3-GC31-MM model output prepared for CMIP6 CMIP historical. Earth System Grid Federation. doi:https://doi.org/10.22033/ESGF/CMIP6.6112 .",CC BY-SA 4.0,http://creativecommons.org/licenses/by-sa/4.0/
CMIP6.ScenarioMIP.MOHC.HadGEM3-GC31-MM.ssp126,CMIP6,ScenarioMIP,MOHC,HadGEM3-GC31-MM,ssp126,https://doi.org/10.22033/ESGF/CMIP6.10850,"Jackson, Laura (2020). MOHC HadGEM3-GC31-MM model output prepared for CMIP6 ScenarioMIP ssp126. Earth System Grid Federation. doi:https://doi.org/10.22033/ESGF/CMIP6.10850 .",CC BY-SA 4.0,http://creativecommons.org/licenses/by-sa/4.0/
CMIP6.ScenarioMIP.MOHC.HadGEM3-GC31-MM.ssp585,CMIP6,ScenarioMIP,MOHC,HadGEM3-GC31-MM,ssp585,https://doi.org/10.22033/ESGF/CMIP6.10902,"Jackson, Laura (2020). MOHC HadGEM3-GC31-MM model output prepared for CMIP6 ScenarioMIP ssp585. Earth System Grid Federation. doi:https://doi.org/10.22033/ESGF/CMIP6.10902 .",CC BY-SA 4.0,http://creativecommons.org/licenses/by-sa/4.0/
CMIP6.CMIP.MOHC.UKESM1-0-LL.historical,CMIP6,CMIP,MOHC,UKESM1-0-LL,historical,https://doi.org/10.22033/ESGF/CMIP6.6113,"Tang, Yongming; Rumbold, Steve; Ellis, Rich; Kelley, Douglas; Mulcahy, Jane; Sellar, Alistair; Walton, Jeremy; Jones, Colin (2019). MOHC UKESM1.0-LL model output prepared for CMIP6 CMIP historical. Earth System Grid Federation. doi:https://doi.org/10.22033/ESGF/CMIP6.6113 .",CC BY-SA 4.0,http://creativecommons.org/licenses/by-sa/4.0/
CMIP6.ScenarioMIP.MOHC.UKESM1-0-LL.ssp126,CMIP6,ScenarioMIP,MOHC,UKESM1-0-LL,ssp126,https://doi.org/10.22033/ESGF/CMIP6.6333,"Good, Peter; Sellar, Alistair; Tang, Yongming; Rumbold, Steve; Ellis, Rich; Kelley, Douglas; Kuhlbrodt, Till (2019). MOHC UKESM1.0-LL model output prepared for CMIP6 ScenarioMIP ssp126. Earth System Grid Federation. doi:https://doi.org/10.22033/ESGF/CMIP6.6333 .",CC BY-SA 4.0,http://creativecommons.org/licenses/by-sa/4.0/
CMIP6.ScenarioMIP.MOHC.UKESM1-0-LL.ssp585,CMIP6,ScenarioMIP,MOHC,UKESM1-0-LL,ssp585,https://doi.org/10.22033/ESGF/CMIP6.6405,"Good, Peter; Sellar, Alistair; Tang, Yongming; Rumbold, Steve; Ellis, Rich; Kelley, Douglas; Kuhlbrodt, Till (2019). MOHC UKESM1.0-LL model output prepared for CMIP6 ScenarioMIP ssp585. Earth System Grid Federation. doi:https://doi.org/10.22033/ESGF/CMIP6.6405 .",CC BY-SA 4.0,http://creativecommons.org/licenses/by-sa/4.0/
CMIP6.CMIP.MPI-M.MPI-ESM1-2-HR.historical,CMIP6,CMIP,MPI-M,MPI-ESM1-2-HR,historical,https://doi.org/10.22033/ESGF/CMIP6.6594,"Jungclaus, Johann; Bittner, Matthias; Wieners, Karl-Hermann; Wachsmann, Fabian; Schupfner, Martin; Legutke, Stephanie; Giorgetta, Marco; Reick, Christian; Gayler, Veronika; Haak, Helmuth; de Vrese, Philipp; Raddatz, Thomas; Esch, Monika; Mauritsen, Thorsten; von Storch, Jin-Song; Behrens, Jörg; Brovkin, Victor; Claussen, Martin; Crueger, Traute; Fast, Irina; Fiedler, Stephanie; Hagemann, Stefan; Hohenegger, Cathy; Jahns, Thomas; Kloster, Silvia; Kinne, Stefan; Lasslop, Gitta; Kornblueh, Luis; Marotzke, Jochem; Matei, Daniela; Meraner, Katharina; Mikolajewicz, Uwe; Modali, Kameswarrao; Müller, Wolfgang; Nabel, Julia; Notz, Dirk; Peters-von Gehlen, Karsten; Pincus, Robert; Pohlmann, Holger; Pongratz, Julia; Rast, Sebastian; Schmidt, Hauke; Schnur, Reiner; Schulzweida, Uwe; Six, Katharina; Stevens, Bjorn; Voigt, Aiko; Roeckner, Erich (2019). MPI-M MPI-ESM1.2-HR model output prepared for CMIP6 CMIP historical. Earth System Grid Federation. doi:https://doi.org/10.22033/ESGF/CMIP6.6594 .",CC BY-SA 4.0,http://creativecommons.org/licenses/by-sa/4.0/
CMIP6.ScenarioMIP.DKRZ.MPI-ESM1-2-HR.ssp126,CMIP6,ScenarioMIP,DKRZ,MPI-ESM1-2-HR,ssp126,https://doi.org/10.22033/ESGF/CMIP6.4397,"Schupfner, Martin; Wieners, Karl-Hermann; Wachsmann, Fabian; Steger, Christian; Bittner, Matthias; Jungclaus, Johann; Früh, Barbara; Pankatz, Klaus; Giorgetta, Marco; Reick, Christian; Legutke, Stephanie; Esch, Monika; Gayler, Veronika; Haak, Helmuth; de Vrese, Philipp; Raddatz, Thomas; Mauritsen, Thorsten; von Storch, Jin-Song; Behrens, Jörg; Brovkin, Victor; Claussen, Martin; Crueger, Traute; Fast, Irina; Fiedler, Stephanie; Hagemann, Stefan; Hohenegger, Cathy; Jahns, Thomas; Kloster, Silvia; Kinne, Stefan; Lasslop, Gitta; Kornblueh, Luis; Marotzke, Jochem; Matei, Daniela; Meraner, Katharina; Mikolajewicz, Uwe; Modali, Kameswarrao; Müller, Wolfgang; Nabel, Julia; Notz, Dirk; Peters-von Gehlen, Karsten; Pincus, Robert; Pohlmann, Holger; Pongratz, Julia; Rast, Sebastian; Schmidt, Hauke; Schnur, Reiner; Schulzweida, Uwe; Six, Katharina; Stevens, Bjorn; Voigt, Aiko; Roeckner, Erich (2019). DKRZ MPI-ESM1.2-HR model output prepared for CMIP6 ScenarioMIP ssp126. Earth System Grid Federation. doi:https://doi.org/10.22033/ESGF/CMIP6.4397 .",CC BY-SA 4.0,http://creativecommons.org/licenses/by-sa/4.0/
CMIP6.ScenarioMIP.DKRZ.MPI-ESM1-2-HR.ssp585,CMIP6,ScenarioMIP,DKRZ,MPI-ESM1-2-HR,ssp585,https://doi.org/10.22033/ESGF/CMIP6.4403,"Schupfner, Martin; Wieners, Karl-Hermann; Wachsmann, Fabian; Steger, Christian; Bittner, Matthias; Jungclaus, Johann; Früh, Barbara; Pankatz, Klaus; Giorgetta, Marco; Reick, Christian; Legutke, Stephanie; Esch, Monika; Gayler, Veronika; Haak, Helmuth; de Vrese, Philipp; Raddatz, Thomas; Mauritsen, Thorsten; von Storch, Jin-Song; Behrens, Jörg; Brovkin, Victor; Claussen, Martin; Crueger, Traute; Fast, Irina; Fiedler, Stephanie; Hagemann, Stefan; Hohenegger, Cathy; Jahns, Thomas; Kloster, Silvia; Kinne, Stefan; Lasslop, Gitta; Kornblueh, Luis; Marotzke, Jochem; Matei, Daniela; Meraner, Katharina; Mikolajewicz, Uwe; Modali, Kameswarrao; Müller, Wolfgang; Nabel, Julia; Notz, Dirk; Peters-von Gehlen, Karsten; Pincus, Robert; Pohlmann, Holger; Pongratz, Julia; Rast, Sebastian; Schmidt, Hauke; Schnur, Reiner; Schulzweida, Uwe; Six, Katharina; Stevens, Bjorn; Voigt, Aiko; Roeckner, Erich (2019). DKRZ MPI-ESM1.2-HR model output prepared for CMIP6 ScenarioMIP ssp585. Earth System Grid Federation. doi:https://doi.org/10.22033/ESGF/CMIP6.4403 .",CC BY-SA 4.0,http://creativecommons.org/licenses/by-sa/4.0/
CMIP6.CMIP.MPI-M.MPI-ESM1-2-LR.historical,CMIP6,CMIP,MPI-M,MPI-ESM1-2-LR,historical,https://doi.org/10.22033/ESGF/CMIP6.6595,"Wieners, Karl-Hermann; Giorgetta, Marco; Jungclaus, Johann; Reick, Christian; Esch, Monika; Bittner, Matthias; Legutke, Stephanie; Schupfner, Martin; Wachsmann, Fabian; Gayler, Veronika; Haak, Helmuth; de Vrese, Philipp; Raddatz, Thomas; Mauritsen, Thorsten; von Storch, Jin-Song; Behrens, Jörg; Brovkin, Victor; Claussen, Martin; Crueger, Traute; Fast, Irina; Fiedler, Stephanie; Hagemann, Stefan; Hohenegger, Cathy; Jahns, Thomas; Kloster, Silvia; Kinne, Stefan; Lasslop, Gitta; Kornblueh, Luis; Marotzke, Jochem; Matei, Daniela; Meraner, Katharina; Mikolajewicz, Uwe; Modali, Kameswarrao; Müller, Wolfgang; Nabel, Julia; Notz, Dirk; Peters-von Gehlen, Karsten; Pincus, Robert; Pohlmann, Holger; Pongratz, Julia; Rast, Sebastian; Schmidt, Hauke; Schnur, Reiner; Schulzweida, Uwe; Six, Katharina; Stevens, Bjorn; Voigt, Aiko; Roeckner, Erich (2019). MPI-M MPI-ESM1.2-LR model output prepared for CMIP6 CMIP historical. Earth System Grid Federation. doi:https://doi.org/10.22033/ESGF/CMIP6.6595 .",CC BY-SA 4.0,http://creativecommons.org/licenses/by-sa/4.0/
CMIP6.ScenarioMIP.MPI-M.MPI-ESM1-2-LR.ssp126,CMIP6,ScenarioMIP,MPI-M,MPI-ESM1-2-LR,ssp126,https://doi.org/10.22033/ESGF/CMIP6.6690,"Wieners, Karl-Hermann; Giorgetta, Marco; Jungclaus, Johann; Reick, Christian; Esch, Monika; Bittner, Matthias; Gayler, Veronika; Haak, Helmuth; de Vrese, Philipp; Raddatz, Thomas; Mauritsen, Thorsten; von Storch, Jin-Song; Behrens, Jörg; Brovkin, Victor; Claussen, Martin; Crueger, Traute; Fast, Irina; Fiedler, Stephanie; Hagemann, Stefan; Hohenegger, Cathy; Jahns, Thomas; Kloster, Silvia; Kinne, Stefan; Lasslop, Gitta; Kornblueh, Luis; Marotzke, Jochem; Matei, Daniela; Meraner, Katharina; Mikolajewicz, Uwe; Modali, Kameswarrao; Müller, Wolfgang; Nabel, Julia; Notz, Dirk; Peters-von Gehlen, Karsten; Pincus, Robert; Pohlmann, Holger; Pongratz, Julia; Rast, Sebastian; Schmidt, Hauke; Schnur, Reiner; Schulzweida, Uwe; Six, Katharina; Stevens, Bjorn; Voigt, Aiko; Roeckner, Erich (2019). MPI-M MPI-ESM1.2-LR model output prepared for CMIP6 ScenarioMIP ssp126. Earth System Grid Federation. doi:https://doi.org/10.22033/ESGF/CMIP6.6690 .",CC BY-SA 4.0,http://creativecommons.org/licenses/by-sa/4.0/
CMIP6.ScenarioMIP.MPI-M.MPI-ESM1-2-LR.ssp585,CMIP6,ScenarioMIP,MPI-M,MPI-ESM1-2-LR,ssp585,https://doi.org/10.22033/ESGF/CMIP6.6705,"Wieners, Karl-Hermann; Giorgetta, Marco; Jungclaus, Johann; Reick, Christian; Esch, Monika; Bittner, Matthias; Gayler, Veronika; Haak, Helmuth; de Vrese, Philipp; Raddatz, Thomas; Mauritsen, Thorsten; von Storch, Jin-Song; Behrens, Jörg; Brovkin, Victor; Claussen, Martin; Crueger, Traute; Fast, Irina; Fiedler, Stephanie; Hagemann, Stefan; Hohenegger, Cathy; Jahns, Thomas; Kloster, Silvia; Kinne, Stefan; Lasslop, Gitta; Kornblueh, Luis; Marotzke, Jochem; Matei, Daniela; Meraner, Katharina; Mikolajewicz, Uwe; Modali, Kameswarrao; Müller, Wolfgang; Nabel, Julia; Notz, Dirk; Peters-von Gehlen, Karsten; Pincus, Robert; Pohlmann, Holger; Pongratz, Julia; Rast, Sebastian; Schmidt, Hauke; Schnur, Reiner; Schulzweida, Uwe; Six, Katharina; Stevens, Bjorn; Voigt, Aiko; Roeckner, Erich (2019). MPI-M MPI-ESM1.2-LR model output prepared for CMIP6 ScenarioMIP ssp585. Earth System Grid Federation. doi:https://doi.org/10.22033/ESGF/CMIP6.6705 .",CC BY-SA 4.0,http://creativecommons.org/licenses/by-sa/4.0/
CMIP6.CMIP.MRI.MRI-ESM2-0.historical,CMIP6,CMIP,MRI,MRI-ESM2-0,historical,https://doi.org/10.22033/ESGF/CMIP6.6842,"Yukimoto, Seiji; Koshiro, Tsuyoshi; Kawai, Hideaki; Oshima, Naga; Yoshida, Kohei; Urakawa, Shogo; Tsujino, Hiroyuki; Deushi, Makoto; Tanaka, Taichu; Hosaka, Masahiro; Yoshimura, Hiromasa; Shindo, Eiki; Mizuta, Ryo; Ishii, Masayoshi; Obata, Atsushi; Adachi, Yukimasa (2019). MRI MRI-ESM2.0 model output prepared for CMIP6 CMIP historical. Earth System Grid Federation. doi:https://doi.org/10.22033/ESGF/CMIP6.6842 .",CC BY-SA 4.0,http://creativecommons.org/licenses/by-sa/4.0/
CMIP6.ScenarioMIP.MRI.MRI-ESM2-0.ssp126,CMIP6,ScenarioMIP,MRI,MRI-ESM2-0,ssp126,https://doi.org/10.22033/ESGF/CMIP6.6909,"Yukimoto, Seiji; Koshiro, Tsuyoshi; Kawai, Hideaki; Oshima, Naga; Yoshida, Kohei; Urakawa, Shogo; Tsujino, Hiroyuki; Deushi, Makoto; Tanaka, Taichu; Hosaka, Masahiro; Yoshimura, Hiromasa; Shindo, Eiki; Mizuta, Ryo; Ishii, Masayoshi; Obata, Atsushi; Adachi, Yukimasa (2019). MRI MRI-ESM2.0 model output prepared for CMIP6 ScenarioMIP ssp126. Earth System Grid Federation. doi:https://doi.org/10.22033/ESGF/CMIP6.6909 .",CC BY-SA 4.0,http://creativecommons.org/licenses/by-sa/4.0/
CMIP6.ScenarioMIP.MRI.MRI-ESM2-0.ssp585,CMIP6,ScenarioMIP,MRI,MRI-ESM2-0,ssp585,https://doi.org/10.22033/ESGF/CMIP6.6929,"Yukimoto, Seiji; Koshiro, Tsuyoshi; Kawai, Hideaki; Oshima, Naga; Yoshida, Kohei; Urakawa, Shogo; Tsujino, Hiroyuki; Deushi, Makoto; Tanaka, Taichu; Hosaka, Masahiro; Yoshimura, Hiromasa; Shindo, Eiki; Mizuta, Ryo; Ishii, Masayoshi; Obata, Atsushi; Adachi, Yukimasa (2019). MRI MRI-ESM2.0 model output prepared for CMIP6 ScenarioMIP ssp585. Earth System Grid Federation. doi:https://doi.org/10.22033/ESGF/CMIP6.6929 .",CC BY-SA 4.0,http://creativecommons.org/licenses/by-sa/4.0/
CMIP6.CMIP.NCAR.CESM2-WACCM.historical,CMIP6,CMIP,NCAR,CESM2-WACCM,historical,https://doi.org/10.22033/ESGF/CMIP6.10071,"Danabasoglu, Gokhan (2019). NCAR CESM2-WACCM model output prepared for CMIP6 CMIP historical. Earth System Grid Federation. doi:https://doi.org/10.22033/ESGF/CMIP6.10071 .",CC BY-SA 4.0,http://creativecommons.org/licenses/by-sa/4.0/
CMIP6.ScenarioMIP.NCAR.CESM2-WACCM.ssp126,CMIP6,ScenarioMIP,NCAR,CESM2-WACCM,ssp126,https://doi.org/10.22033/ESGF/CMIP6.10100,"Danabasoglu, Gokhan (2019). NCAR CESM2-WACCM model output prepared for CMIP6 ScenarioMIP ssp126. Earth System Grid Federation. doi:https://doi.org/10.22033/ESGF/CMIP6.10100 .",CC BY-SA 4.0,http://creativecommons.org/licenses/by-sa/4.0/
CMIP6.ScenarioMIP.NCAR.CESM2-WACCM.ssp585,CMIP6,ScenarioMIP,NCAR,CESM2-WACCM,ssp585,https://doi.org/10.22033/ESGF/CMIP6.10115,"Danabasoglu, Gokhan (2019). NCAR CESM2-WACCM model output prepared for CMIP6 ScenarioMIP ssp585. Earth System Grid Federation. doi:https://doi.org/10.22033/ESGF/CMIP6.10115 .",CC BY-SA 4.0,http://creativecommons.org/licenses/by-sa/4.0/
CMIP6.CMIP.NCAR.CESM2.historical,CMIP6,CMIP,NCAR,CESM2,historical,https://doi.org/10.22033/ESGF/CMIP6.7627,"Danabasoglu, Gokhan (2019). NCAR CESM2 model output prepared for CMIP6 CMIP historical. Earth System Grid Federation. doi:https://doi.org/10.22033/ESGF/CMIP6.7627 .",CC BY-SA 4.0,http://creativecommons.org/licenses/by-sa/4.0/
CMIP6.ScenarioMIP.NCAR.CESM2.ssp126,CMIP6,ScenarioMIP,NCAR,CESM2,ssp126,https://doi.org/10.22033/ESGF/CMIP6.7746,"Danabasoglu, Gokhan (2019). NCAR CESM2 model output prepared for CMIP6 ScenarioMIP ssp126. Earth System Grid Federation. doi:https://doi.org/10.22033/ESGF/CMIP6.7746 .",CC BY-SA 4.0,http://creativecommons.org/licenses/by-sa/4.0/
CMIP6.ScenarioMIP.NCAR.CESM2.ssp585,CMIP6,ScenarioMIP,NCAR,CESM2,ssp585,https://doi.org/10.22033/ESGF/CMIP6.7768,"Danabasoglu, Gokhan (2019). NCAR CESM2 model output prepared for CMIP6 ScenarioMIP ssp585. Earth System Grid Federation. doi:https://doi.org/10.22033/ESGF/CMIP6.7768 .",CC BY-SA 4.0,http://creativecommons.org/licenses/by-sa/4.0/
CMIP6.CMIP.NCC.NorESM2-LM.historical,CMIP6,CMIP,NCC,NorESM2-LM,historical,https://doi.org/10.22033/ESGF/CMIP6.8036,"Seland, Øyvind; Bentsen, Mats; Oliviè, Dirk Jan Leo; Toniazzo, Thomas; Gjermundsen, Ada; Graff, Lise Seland; Debernard, Jens Boldingh; Gupta, Alok Kumar; He, Yanchun; Kirkevåg, Alf; Schwinger, Jörg; Tjiputra, Jerry; Aas, Kjetil Schanke; Bethke, Ingo; Fan, Yuanchao; Griesfeller, Jan; Grini, Alf; Guo, Chuncheng; Ilicak, Mehmet; Karset, Inger Helene Hafsahl; Landgren, Oskar Andreas; Liakka, Johan; Moseid, Kine Onsum; Nummelin, Aleksi; Spensberger, Clemens; Tang, Hui; Zhang, Zhongshi; Heinze, Christoph; Iversen, Trond; Schulz, Michael (2019). NCC NorESM2-LM model output prepared for CMIP6 CMIP historical. Earth System Grid Federation. doi:https://doi.org/10.22033/ESGF/CMIP6.8036 .",CC BY-SA 4.0,http://creativecommons.org/licenses/by-sa/4.0/
CMIP6.ScenarioMIP.NCC.NorESM2-LM.ssp126,CMIP6,ScenarioMIP,NCC,NorESM2-LM,ssp126,https://doi.org/10.22033/ESGF/CMIP6.8248,"Seland, Øyvind; Bentsen, Mats; Oliviè, Dirk Jan Leo; Toniazzo, Thomas; Gjermundsen, Ada; Graff, Lise Seland; Debernard, Jens Boldingh; Gupta, Alok Kumar; He, Yanchun; Kirkevåg, Alf; Schwinger, Jörg; Tjiputra, Jerry; Aas, Kjetil Schanke; Bethke, Ingo; Fan, Yuanchao; Griesfeller, Jan; Grini, Alf; Guo, Chuncheng; Ilicak, Mehmet; Karset, Inger Helene Hafsahl; Landgren, Oskar Andreas; Liakka, Johan; Moseid, Kine Onsum; Nummelin, Aleksi; Spensberger, Clemens; Tang, Hui; Zhang, Zhongshi; Heinze, Christoph; Iversen, Trond; Schulz, Michael (2019). NCC NorESM2-LM model output prepared for CMIP6 ScenarioMIP ssp126. Earth System Grid Federation. doi:https://doi.org/10.22033/ESGF/CMIP6.8248 .",CC BY-SA 4.0,http://creativecommons.org/licenses/by-sa/4.0/
CMIP6.ScenarioMIP.NCC.NorESM2-LM.ssp585,CMIP6,ScenarioMIP,NCC,NorESM2-LM,ssp585,https://doi.org/10.22033/ESGF/CMIP6.8319,"Seland, Øyvind; Bentsen, Mats; Oliviè, Dirk Jan Leo; Toniazzo, Thomas; Gjermundsen, Ada; Graff, Lise Seland; Debernard, Jens Boldingh; Gupta, Alok Kumar; He, Yanchun; Kirkevåg, Alf; Schwinger, Jörg; Tjiputra, Jerry; Aas, Kjetil Schanke; Bethke, Ingo; Fan, Yuanchao; Griesfeller, Jan; Grini, Alf; Guo, Chuncheng; Ilicak, Mehmet; Karset, Inger Helene Hafsahl; Landgren, Oskar Andreas; Liakka, Johan; Moseid, Kine Onsum; Nummelin, Aleksi; Spensberger, Clemens; Tang, Hui; Zhang, Zhongshi; Heinze, Christoph; Iversen, Trond; Schulz, Michael (2019). NCC NorESM2-LM model output prepared for CMIP6 ScenarioMIP ssp585. Earth System Grid Federation. doi:https://doi.org/10.22033/ESGF/CMIP6.8319 .",CC BY-SA 4.0,http://creativecommons.org/licenses/by-sa/4.0/
CMIP6.CMIP.NCC.NorESM2-MM.historical,CMIP6,CMIP,NCC,NorESM2-MM,historical,https://doi.org/10.22033/ESGF/CMIP6.8040,"Bentsen, Mats; Oliviè, Dirk Jan Leo; Seland, Øyvind; Toniazzo, Thomas; Gjermundsen, Ada; Graff, Lise Seland; Debernard, Jens Boldingh; Gupta, Alok Kumar; He, Yanchun; Kirkevåg, Alf; Schwinger, Jörg; Tjiputra, Jerry; Aas, Kjetil Schanke; Bethke, Ingo; Fan, Yuanchao; Griesfeller, Jan; Grini, Alf; Guo, Chuncheng; Ilicak, Mehmet; Karset, Inger Helene Hafsahl; Landgren, Oskar Andreas; Liakka, Johan; Moseid, Kine Onsum; Nummelin, Aleksi; Spensberger, Clemens; Tang, Hui; Zhang, Zhongshi; Heinze, Christoph; Iversen, Trond; Schulz, Michael (2019). NCC NorESM2-MM model output prepared for CMIP6 CMIP historical. Earth System Grid Federation. doi:https://doi.org/10.22033/ESGF/CMIP6.8040 .",CC BY-SA 4.0,http://creativecommons.org/licenses/by-sa/4.0/
CMIP6.ScenarioMIP.NCC.NorESM2-MM.ssp126,CMIP6,ScenarioMIP,NCC,NorESM2-MM,ssp126,https://doi.org/10.22033/ESGF/CMIP6.8250,"Bentsen, Mats; Oliviè, Dirk Jan Leo; Seland, Øyvind; Toniazzo, Thomas; Gjermundsen, Ada; Graff, Lise Seland; Debernard, Jens Boldingh; Gupta, Alok Kumar; He, Yanchun; Kirkevåg, Alf; Schwinger, Jörg; Tjiputra, Jerry; Aas, Kjetil Schanke; Bethke, Ingo; Fan, Yuanchao; Griesfeller, Jan; Grini, Alf; Guo, Chuncheng; Ilicak, Mehmet; Karset, Inger Helene Hafsahl; Landgren, Oskar Andreas; Liakka, Johan; Moseid, Kine Onsum; Nummelin, Aleksi; Spensberger, Clemens; Tang, Hui; Zhang, Zhongshi; Heinze, Christoph; Iversen, Trond; Schulz, Michael (2019). NCC NorESM2-MM model output prepared for CMIP6 ScenarioMIP ssp126. Earth System Grid Federation. doi:https://doi.org/10.22033/ESGF/CMIP6.8250 .",CC BY-SA 4.0,http://creativecommons.org/licenses/by-sa/4.0/
CMIP6.ScenarioMIP.NCC.NorESM2-MM.ssp585,CMIP6,ScenarioMIP,NCC,NorESM2-MM,ssp585,https://doi.org/10.22033/ESGF/CMIP6.8321,"Bentsen, Mats; Oliviè, Dirk Jan Leo; Seland, Øyvind; Toniazzo, Thomas; Gjermundsen, Ada; Graff, Lise Seland; Debernard, Jens Boldingh; Gupta, Alok Kumar; He, Yanchun; Kirkevåg, Alf; Schwinger, Jörg; Tjiputra, Jerry; Aas, Kjetil Schanke; Bethke, Ingo; Fan, Yuanchao; Griesfeller, Jan; Grini, Alf; Guo, Chuncheng; Ilicak, Mehmet; Karset, Inger Helene Hafsahl; Landgren, Oskar Andreas; Liakka, Johan; Moseid, Kine Onsum; Nummelin, Aleksi; Spensberger, Clemens; Tang, Hui; Zhang, Zhongshi; Heinze, Christoph; Iversen, Trond; Schulz, Michael (2019). NCC NorESM2-MM model output prepared for CMIP6 ScenarioMIP ssp585. Earth System Grid Federation. doi:https://doi.org/10.22033/ESGF/CMIP6.8321 .",CC BY-SA 4.0,http://creativecommons.org/licenses/by-sa/4.0/
CMIP6.CMIP.NOAA-GFDL.GFDL-ESM4.historical,CMIP6,CMIP,NOAA-GFDL,GFDL-ESM4,historical,https://doi.org/10.22033/ESGF/CMIP6.8597,"Krasting, John P.; John, Jasmin G; Blanton, Chris; McHugh, Colleen; Nikonov, Serguei; Radhakrishnan, Aparna; Rand, Kristopher; Zadeh, Niki T.; Balaji, V; Durachta, Jeff; Dupuis, Christopher; Menzel, Raymond; Robinson, Thomas; Underwood, Seth; Vahlenkamp, Hans; Dunne, Krista A.; Gauthier, Paul PG; Ginoux, Paul; Griffies, Stephen M.; Hallberg, Robert; Harrison, Matthew; Hurlin, William; Malyshev, Sergey; Naik, Vaishali; Paulot, Fabien; Paynter, David J; Ploshay, Jeffrey; Reichl, Brandon G; Schwarzkopf, Daniel M; Seman, Charles J; Silvers, Levi; Wyman, Bruce; Zeng, Yujin; Adcroft, Alistair; Dunne, John P.; Dussin, Raphael; Guo, Huan; He, Jian; Held, Isaac M; Horowitz, Larry W.; Lin, Pu; Milly, P.C.D; Shevliakova, Elena; Stock, Charles; Winton, Michael; Wittenberg, Andrew T.; Xie, Yuanyu; Zhao, Ming (2018). NOAA-GFDL GFDL-ESM4 model output prepared for CMIP6 CMIP historical. Earth System Grid Federation. doi:https://doi.org/10.22033/ESGF/CMIP6.8597 .",CC BY-SA 4.0,http://creativecommons.org/licenses/by-sa/4.0/
CMIP6.ScenarioMIP.NOAA-GFDL.GFDL-ESM4.ssp126,CMIP6,ScenarioMIP,NOAA-GFDL,GFDL-ESM4,ssp126,https://doi.org/10.22033/ESGF/CMIP6.8684,"John, Jasmin G; Blanton, Chris; McHugh, Colleen; Radhakrishnan, Aparna; Rand, Kristopher; Vahlenkamp, Hans; Wilson, Chandin; Zadeh, Niki T.; Dunne, John P.; Dussin, Raphael; Horowitz, Larry W.; Krasting, John P.; Lin, Pu; Malyshev, Sergey; Naik, Vaishali; Ploshay, Jeffrey; Shevliakova, Elena; Silvers, Levi; Stock, Charles; Winton, Michael; Zeng, Yujin (2018). NOAA-GFDL GFDL-ESM4 model output prepared for CMIP6 ScenarioMIP ssp126. Earth System Grid Federation. doi:https://doi.org/10.22033/ESGF/CMIP6.8684 .",CC BY-SA 4.0,http://creativecommons.org/licenses/by-sa/4.0/
CMIP6.ScenarioMIP.NOAA-GFDL.GFDL-ESM4.ssp585,CMIP6,ScenarioMIP,NOAA-GFDL,GFDL-ESM4,ssp585,https://doi.org/10.22033/ESGF/CMIP6.8706,"John, Jasmin G; Blanton, Chris; McHugh, Colleen; Radhakrishnan, Aparna; Rand, Kristopher; Vahlenkamp, Hans; Wilson, Chandin; Zadeh, Niki T.; Dunne, John P.; Dussin, Raphael; Horowitz, Larry W.; Krasting, John P.; Lin, Pu; Malyshev, Sergey; Naik, Vaishali; Ploshay, Jeffrey; Shevliakova, Elena; Silvers, Levi; Stock, Charles; Winton, Michael; Zeng, Yujin (2018). NOAA-GFDL GFDL-ESM4 model output prepared for CMIP6 ScenarioMIP ssp585. Earth System Grid Federation. doi:https://doi.org/10.22033/ESGF/CMIP6.8706 .",CC BY-SA 4.0,http://creativecommons.org/licenses/by-sa/4.0/